<application>
  <component name="NodeJsLocalInterpreterManager">
    <local-interpreter path="/usr/local/bin/node">
      <version-cache last-modified="0" />
    </local-interpreter>
    <local-interpreter path="/usr/local/opt/node@18/bin/node">
      <version-cache version="18.19.0" last-modified="1701345526535" />
    </local-interpreter>
    <local-interpreter path="/usr/local/Cellar/node/17.2.0/bin/node">
      <version-cache last-modified="0" />
    </local-interpreter>
  </component>
</application>