<application>
  <component name="Trusted.Paths">
    <option name="TRUSTED_PROJECT_PATHS">
      <map>
        <entry key="$USER_HOME$/Vlang/set_user" value="true" />
        <entry key="$USER_HOME$/chegg/checkout-bff" value="true" />
        <entry key="$USER_HOME$/chegg/checkout-bff/robot-tests" value="true" />
        <entry key="$USER_HOME$/chegg/checkout-contentful-bff" value="true" />
        <entry key="$USER_HOME$/chegg/checkout-robot-tests" value="true" />
        <entry key="$USER_HOME$/chegg/chegg-web" value="true" />
        <entry key="$USER_HOME$/chegg/commerceweb-automation" value="true" />
        <entry key="$USER_HOME$/chegg/digital-pricing-bff" value="true" />
        <entry key="$USER_HOME$/chegg/growth-enablement-robot-tests" value="true" />
        <entry key="$USER_HOME$/chegg/one-click" value="true" />
        <entry key="$USER_HOME$/chegg/payment-methods" value="true" />
        <entry key="$USER_HOME$/chegg/resub-script" value="true" />
        <entry key="$USER_HOME$/chegg/robot-for-chegg-com" value="true" />
        <entry key="$USER_HOME$/chegg/robot-for-ecom" value="true" />
        <entry key="$USER_HOME$/chegg/robot-framework" value="true" />
        <entry key="$USER_HOME$/chegg/testcafe-for-chegg-com" value="true" />
        <entry key="/var/folders/xh/0qbt87v942xbfntdpw_zryxm0000gp/T/robot_parse2.py6345937556369229191" value="true" />
      </map>
    </option>
  </component>
  <component name="Trusted.Paths.Settings">
    <option name="TRUSTED_PATHS">
      <list>
        <option value="$USER_HOME$/chegg" />
      </list>
    </option>
  </component>
</application>