<application>
  <component name="DimensionService">
    <location key="find.popup.0.0.3584.2240@240dpi" x="1216" y="320" />
    <location key="find.popup.0.0.3440.1440@120dpi" x="1700" y="200" />
    <size key="find.popup.0.0.3584.2240@240dpi" width="1576" height="1364" />
    <size key="find.popup.0.0.3440.1440@120dpi" width="1364" height="1245" />
    <size key="GridCell.Tab.0.left.0.0.3440.1440@120dpi" width="3338" height="413" />
    <size key="GridCell.Tab.0.center.0.0.3440.1440@120dpi" width="3338" height="413" />
    <size key="GridCell.Tab.0.right.0.0.3440.1440@120dpi" width="3338" height="413" />
    <size key="GridCell.Tab.0.bottom.0.0.3440.1440@120dpi" width="3338" height="413" />
    <size key="GridCell.Tab.1.left.0.0.3440.1440@120dpi" width="3338" height="413" />
    <size key="GridCell.Tab.1.center.0.0.3440.1440@120dpi" width="3338" height="413" />
    <size key="GridCell.Tab.1.right.0.0.3440.1440@120dpi" width="3338" height="413" />
    <size key="GridCell.Tab.1.bottom.0.0.3440.1440@120dpi" width="3338" height="413" />
  </component>
  <component name="WindowManager">
    <frame x="0" y="25" width="3440" height="1415" extendedState="6" />
  </component>
  <component name="WindowStateApplicationService">
    <state x="1720" y="631" width="1000" height="813" key="WELCOME_SCREEN" timestamp="1726561401660">
      <screen x="0" y="25" width="3440" height="1415" />
    </state>
    <state x="896" y="525" width="1000" height="813" key="WELCOME_SCREEN/0.25.1792.1095" timestamp="1725937775062" />
    <state x="1720" y="631" width="1000" height="813" key="WELCOME_SCREEN/0.25.3440.1415/3440.25.1792.1095" timestamp="1726561401660" />
  </component>
</application>