<keymap version="1" name="Paul" parent="Emacs">
  <action id="$Copy" />
  <action id="$Paste" />
  <action id="Back">
    <keyboard-shortcut first-keystroke="ctrl back_quote" />
  </action>
  <action id="ChangesView.SetDefault" />
  <action id="ClickLink">
    <keyboard-shortcut first-keystroke="ctrl alt g" />
    <keyboard-shortcut first-keystroke="alt period" />
    <mouse-shortcut keystroke="control button1" />
  </action>
  <action id="CloseContent">
    <keyboard-shortcut first-keystroke="meta w" />
  </action>
  <action id="CloseGotItTooltip" />
  <action id="CodeCompletion" />
  <action id="CommentByBlockComment">
    <keyboard-shortcut first-keystroke="alt slash" />
  </action>
  <action id="CommentByLineComment">
    <keyboard-shortcut first-keystroke="alt slash" />
  </action>
  <action id="Console.TableResult.GotoReferencingResult">
    <keyboard-shortcut first-keystroke="ctrl alt g" />
    <keyboard-shortcut first-keystroke="alt period" />
    <mouse-shortcut keystroke="control button1" />
  </action>
  <action id="EditSource">
    <keyboard-shortcut first-keystroke="meta l" second-keystroke="f" />
  </action>
  <action id="EditorCopy" />
  <action id="EditorDeleteToWordStart">
    <keyboard-shortcut first-keystroke="ctrl back_space" />
    <keyboard-shortcut first-keystroke="alt back_space" />
  </action>
  <action id="EditorEscape">
    <keyboard-shortcut first-keystroke="escape" />
  </action>
  <action id="EditorNextWord">
    <keyboard-shortcut first-keystroke="ctrl right" />
    <keyboard-shortcut first-keystroke="alt f" />
  </action>
  <action id="EditorPasteFromX11" />
  <action id="EditorPasteSimple" />
  <action id="EditorPreviousWord">
    <keyboard-shortcut first-keystroke="ctrl left" />
    <keyboard-shortcut first-keystroke="alt b" />
  </action>
  <action id="EditorTextStart">
    <keyboard-shortcut first-keystroke="ctrl home" />
    <keyboard-shortcut first-keystroke="shift alt comma" />
  </action>
  <action id="EditorToggleStickySelection">
    <keyboard-shortcut first-keystroke="meta space" />
  </action>
  <action id="EscUnfollowUserAction" />
  <action id="Find" />
  <action id="FocusEditor" />
  <action id="GotoAction">
    <keyboard-shortcut first-keystroke="alt x" />
  </action>
  <action id="GotoDeclaration">
    <keyboard-shortcut first-keystroke="ctrl alt g" />
    <keyboard-shortcut first-keystroke="alt period" />
    <mouse-shortcut keystroke="control button1" />
  </action>
  <action id="HippieCompletion" />
  <action id="List-selectFirstRow">
    <keyboard-shortcut first-keystroke="ctrl home" />
    <keyboard-shortcut first-keystroke="shift alt comma" />
  </action>
  <action id="NextProjectWindow">
    <keyboard-shortcut first-keystroke="meta back_quote" />
  </action>
  <action id="NextTab">
    <keyboard-shortcut first-keystroke="alt right" />
  </action>
  <action id="PasteMultiple">
    <keyboard-shortcut first-keystroke="meta v" />
  </action>
  <action id="PreviousTab">
    <keyboard-shortcut first-keystroke="alt left" />
  </action>
  <action id="QuickChangeScheme" />
  <action id="QuickJavaDoc">
    <keyboard-shortcut first-keystroke="meta l" second-keystroke="d" />
  </action>
  <action id="SearchEverywhere">
    <keyboard-shortcut first-keystroke="ctrl s" />
  </action>
  <action id="SpeedSearch" />
  <action id="SynchronizeCurrentFile">
    <keyboard-shortcut first-keystroke="alt u" />
  </action>
  <action id="Table-selectFirstRow">
    <keyboard-shortcut first-keystroke="ctrl home" />
    <keyboard-shortcut first-keystroke="shift alt comma" />
  </action>
  <action id="Terminal.Paste">
    <keyboard-shortcut first-keystroke="meta v" />
  </action>
  <action id="Terminal.SwitchFocusToEditor" />
  <action id="Tree-selectFirst">
    <keyboard-shortcut first-keystroke="ctrl home" />
    <keyboard-shortcut first-keystroke="shift alt comma" />
  </action>
</keymap>